job_title,job_description,label
Family Support Specialist,"Are you an affectionate and compassionate individual who values the importance of family? We're seeking a Family Support Specialist to provide understanding, support, and guidance to families in need. Your role will involve fostering a communal and cooperative environment where families can connect, collaborate, and feel the warmth of your empathy and kindness. Your commitment to nurturing healthy family relationships will make a lasting impact.",feminine 
Professional Athlete,"Do you have the athletic prowess and determination to dominate your sport? As a Professional Athlete, you'll channel your competitive spirit, ambition, and dedication to rise to the top of your field and compete with the best.",masculine
Special Forces Operator,"Join an elite team of Special Forces Operators who embody qualities of fearlessness, decisiveness, and unyielding determination. This role demands individuals with a high level of physical and mental toughness to accomplish the most challenging missions.",masculine
Community Liaison,"Are you enthusiastic about building connections and promoting cooperation within the community? We're looking for a Community Liaison to foster an atmosphere of collaboration and understanding. Your role will focus on connecting people, creating a supportive and inclusive environment, and ensuring that all voices are heard.",feminine
Kindergarten Teacher,"""If you have a deep affection for working with children and believe in the immense power of education, this role is an absolute match for your caring and nurturing nature. As a Kindergarten Teacher, you'll create a wonderfully warm and inclusive learning haven where children can feel not just safe and supported but truly cherished. Your exceptionally tender and gentle approach, combined with your outstanding interpersonal skills, will help young minds flourish and develop into confident individuals. Your unwavering commitment to fostering a strong sense of kinship and cooperation in the classroom will ensure an extraordinarily pleasant and inclusive environment for all, where every child is not only valued but also encouraged to connect, collaborate, and flourish in the most nurturing and empathetic way possible.""",feminine
Social Worker,"Do you have a strong commitment to helping others and making a positive difference in their lives? Join our team as a Social Worker and use your compassionate and empathetic, kind, polite, loyal, nature to support individuals and families in need. You'll build trust, offer understanding, and provide the vital support that yields long-term positive outcomes.",feminine
Sales Manager,"As a Sales Manager, you'll lead a team of competitive and assertive individuals who are determined to achieve sales targets and dominate the market. If you have a fearless approach to facing challenges and the courage to be outspoken in your strategies, this role is for you.",masculine
Construction Foreman,"We are looking for a confident, independent, and superior Construction Foreman to lead a team of hardworking individuals. Your assertive and authoritative leadership style, along with your decisiveness and autonomy, will ensure that projects are completed efficiently and to the highest standards.",masculine
Childcare Provider,"If you have a deep sense of compassion, a nurturing nature, and the ability to create a warm and inclusive environment for children, consider a role as a Childcare Provider. Your dedication to the well-being of young ones and your ability to build trust with both children and their families will make a significant impact.",feminine 
Nurse Practitioner,"Join the healthcare field as a Nurse Practitioner, where your empathy, compassion, and ability to provide tender care to patients will shine. Your kind and gentle approach, combined with your strong interpersonal skills, will contribute to the well-being of those in need.",feminine 
Social Worker - Family Support,"If you have a commitment to helping others and making a positive difference in the lives of families, consider a role as a Family Support Social Worker. Your compassionate and empathetic nature will provide understanding and support to individuals and families in need.",feminine 
Early Childhood Educator,"As an Early Childhood Educator, you'll create a pleasant and inclusive learning environment where young children can feel safe, supported, and encouraged to learn. Your nurturing and kind approach, along with your commitment to fostering a sense of kinship, will help shape the future of these young minds.",feminine 
Therapist - Emotional Wellness,"Join our team as an Emotional Wellness Therapist, where your gentle and compassionate approach will guide individuals through their emotional journey. Your ability to build trust, offer understanding, and create a supportive and empathetic space will help clients achieve emotional well-being.",feminine 
Software Engineer - Senior Level:,"Join our dynamic team as a Senior Software Engineer, where you'll take an assertive approach to complex problem-solving and assert your dominance in the world of technology. If you're confident in your coding skills and driven by ambition to lead the way in software development, this role is for you.",masculine
Patient Care Coordinator,"We are seeking a Risk Analyst with a strong analytical mindset, courage to tackle challenging problems, and the ambition to lead the charge in risk assessment. If you're confident, decisive, and driven to defend against potential threats, join our team and be part of a force working to ensure the security and success of our organization.",masculine
Risk Analyst,"Join our compassionate healthcare family as a Patient Care Coordinator, where your warm and nurturing nature will truly shine. Your core responsibilities center around providing tender, considerate, and empathetic care to patients and their families. You'll support their emotional needs with an exceptional level of understanding and kindness, ensuring that every individual feels deeply valued and cherished. Fostering a sense of trust, kinship, and cooperation is at the heart of your role, creating an overwhelmingly pleasant and inclusive experience throughout their healthcare journey. Your dedication to building an atmosphere of inclusivity, collaboration, and shared support makes you an integral part of our deeply empathetic and caring healthcare team.",feminine
